{"version":2,"hash":{"type":"Buffer","data":"sR14z9lSdT76yGg7YBHvHnc2Z+6mVu02hFLqtddyH07CpysYS4Ivxii6rqVVXFxTdy7RnPflGFRnmKjYDNC8Y48oZcDibM0CzxOPw8fgmxDyV6oET7t5k9v5CT4rxkZhlW+iQR6dME4XLusYjg0sFwjVwruyHYgk6w/LuPdNiUI="},"indexValueMap":{"A8a8ZW7jyPtomqtCHgvxnmSzY6ktXlD9S0K89o7iyrg=":{"valueMac":{"type":"Buffer","data":"qCZJxo9ptKyYk5kfDsUTN/rRlrFwcxn5zNWaRPAyBs0="}},"HDVXsRvng/PfJet1BkV4UmpEEvwnw4YMHD+Ws2jzsRA=":{"valueMac":{"type":"Buffer","data":"DYapvxnKEmA0Dd/VfZh3vTp+kopZog/Oiz1YiPfqmwo="}},"ENpINaAqc6TvJy68uEafQ2Q9tcW2Z+bOYOBgqbuyS4Q=":{"valueMac":{"type":"Buffer","data":"Q/UfNHP/LDMHXVXbjxnUQv7g9nvEn9kfJ3WuGpllRks="}},"oK7u9EuRTtbAkWH+mRQXKcRZNuPYLp5S3jdWDUaIVug=":{"valueMac":{"type":"Buffer","data":"7AOJxQ2UywfSnAIrJ/3urQ/YivVImoFdGJz8HSaHhWg="}},"d2JAx2D2Fy24K8eugQ7eO5Hj9c4zZu/WGFb15idDlcs=":{"valueMac":{"type":"Buffer","data":"8/gxU99l0qWTf8DUhMG5SzR1wJH+pJMf3VzqVtyjYok="}},"qnKd70bwHc1aubgdPE6ZMwA3YC47nV2eBskQOSjlz3g=":{"valueMac":{"type":"Buffer","data":"dsKt0fMRF9hoXBMgreH4A7aJN281XQxqcXGd6K895aQ="}},"OcpIzmpOE6mid0lRTB0hcr8paw47nwdx/AKN3qtuYz4=":{"valueMac":{"type":"Buffer","data":"ArrP8IW4Jxcd8hE87woZ6ydDrXfCSuEl1SjLh71sf5k="}},"TxYxvI/1L459A2QO5gG2R4666i7QJt14UVLSCXeQxUE=":{"valueMac":{"type":"Buffer","data":"HJTnkBgRyc6fgxL3NE4QWoG7EUif7Xka6GwqlHnV0SI="}},"EuuS9+TYko7CFOfASd457NbrD6UJ1E67oZBRj0xGv2U=":{"valueMac":{"type":"Buffer","data":"Has6Eo65yToW2MV43nUe+4ZucLCMQLhV0+GsJbUXRkE="}},"oN8wISbHhs6NOoOcD7p8PgjsBMFNqJF9iXbP3DA49Xk=":{"valueMac":{"type":"Buffer","data":"Q2kHX+vJB8IB/w9mqOEP0cqWJSTeKO3MLaxiR4lpurM="}},"vdckqRXiJ5bBB0C+RMvxhstdmeREDNUsBG5WsRmxdXc=":{"valueMac":{"type":"Buffer","data":"I6IkIiWaiKmIlSBA4f5QcJk2IY1Gsd7NowD9fq6K3AU="}},"p/g9xLyxEKozouAKhJhuhB85rhuxikGXr7+S0jFZqfY=":{"valueMac":{"type":"Buffer","data":"IzvyrTpgQBgYuCP6/IZNZ95YyqwZ+fVEicon6MjUA9o="}},"MlsAPzuQv/Up5sDdERpaVV3tBjZDrs9T3JkFNcrtSog=":{"valueMac":{"type":"Buffer","data":"LJ0oTDnTX3ypyrOtKl3avAPWldky++RLxfLxO0F4qCk="}},"cM3/HdYjv9ZujD50IK9pTFlxf7XQ9eBtgk5TCOB9Bsw=":{"valueMac":{"type":"Buffer","data":"P+T9GQZiEcFetiz61dLwphZ71AMLEDkKjIAAe84LEAQ="}},"GRwPMYjLsvBVSw0JSHa3v9D+Rm6XWrbKHSTZIGbmBRk=":{"valueMac":{"type":"Buffer","data":"56lABW97M+LrK65PUCgqLo3ofDIMMRDzInF2EAeOt1U="}}}}