{"noiseKey":{"private":{"type":"Buffer","data":"+HGrTrZf2i6ZALaw174/PQHiLez2NMB9bo/KF83d52U="},"public":{"type":"Buffer","data":"pExlzS+K9EfsKaGePlMUVreqkLvP6uraI5Zg1PxPqGc="}},"pairingEphemeralKeyPair":{"private":{"type":"Buffer","data":"WHkXc/31tA20hm+osNjDo5yavDVqoGSshkXb048mKUo="},"public":{"type":"Buffer","data":"c06SJz+KfWgwZ15g3Rqtzb9IWEROlHET8HKsiXCADnU="}},"signedIdentityKey":{"private":{"type":"Buffer","data":"cCN9q+TTEdcG+Sp69g5jM5+rudOW2K8HCjDiBwpm0UU="},"public":{"type":"Buffer","data":"/ADwh19dwzOW3rD0myJ9mot3H+ul9eqOujFj8KU2nTs="}},"signedPreKey":{"keyPair":{"private":{"type":"Buffer","data":"KApeCT03Go19AZzUck4DLtT2UkEiPbhBWmEyt6MuMX8="},"public":{"type":"Buffer","data":"mt35ibSOsNX5WPz9v/Im7k13dY67pUBlSnm/1bTWawg="}},"signature":{"type":"Buffer","data":"yN5Oelqvav2HjCMwlvsZfWBl/2j/Orb/0JeN8eyKxuoCGKl48XLdhu2c/YufZ2xXwe9e3JpwN2GEeSNto/bigQ=="},"keyId":1},"registrationId":77,"advSecretKey":"DBrGm8B66fPivCkYYvN4sqFWgCZPPbNtXA3Tp+kpeWM=","processedHistoryMessages":[{"key":{"remoteJid":"917872639137@s.whatsapp.net","fromMe":true,"id":"6395FDF145EE146D7C0054540B915FE5"},"messageTimestamp":1732972492},{"key":{"remoteJid":"917872639137@s.whatsapp.net","fromMe":true,"id":"D50E4448E70C490C2B91E6095AF0813B"},"messageTimestamp":1732972493},{"key":{"remoteJid":"917872639137@s.whatsapp.net","fromMe":true,"id":"884520C1AB3B1C4C50AFBB341E5113B0"},"messageTimestamp":1732972519}],"nextPreKeyId":31,"firstUnuploadedPreKeyId":31,"accountSyncCounter":1,"accountSettings":{"unarchiveChats":false},"deviceId":"FpbI-inoRm2g7uYorNVl5A","phoneId":"9dfbcda5-ab14-4445-9ce2-0d1f587473d1","identityId":{"type":"Buffer","data":"xL5YrPnZ+BtBHEJZbEUN7n+F8uI="},"registered":false,"backupToken":{"type":"Buffer","data":"PrMiPoveiJR2wHf/CxUhZ/KUxg0="},"registration":{},"account":{"details":"CJTOzIgBEMefrLoGGAEgACgA","accountSignatureKey":"3F58NTINYBcdXgQ1sIZRmjIRaRtuPIOKqYaWnMtP1F0=","accountSignature":"JP9LsTJqsI9L4GFsaXrbg2e46bzn75t5w7DvWmcksS0dOlLtZN1Z4g2mLWhdSU8jxGsYj3zp5trrT/LQWq/dBw==","deviceSignature":"W6dD3J8bJUb2kyF3KJR3NnkOiPK9GOV334ry+opnZYkCjAfbxf7np77VMFQ3fvaQs2UtKg8xgVcRREQBhkQdjg=="},"me":{"id":"917872639137:19@s.whatsapp.net","name":"Sudip","lid":"186401614221339:19@lid"},"signalIdentities":[{"identifier":{"name":"917872639137:19@s.whatsapp.net","deviceId":0},"identifierKey":{"type":"Buffer","data":"BdxefDUyDWAXHV4ENbCGUZoyEWkbbjyDiqmGlpzLT9Rd"}}],"platform":"smba","routingInfo":{"type":"Buffer","data":"CAIIDQ=="},"lastAccountSyncTimestamp":1732972490,"lastPropHash":"49LwXl","myAppStateKeyId":"AAAAAJnj"}