{"_sessions":{"BYGVsBXt5Eilc+YqoL6uca0lco9IeDArWRNsCc8OLR5v":{"registrationId":1410922084,"currentRatchet":{"ephemeralKeyPair":{"pubKey":"BUubOyGVVOn6A9TdsoTBNP1ufKMf9GqPrQn3kr4Eg8NM","privKey":"YDj8Ebw1H2LIKAgvkgt18dlhIwi7PxxATpJm1TgiJ0A="},"lastRemoteEphemeralKey":"BYVQU7JR5PXjPIfK8+NvaY48Q7fykmEntXV0nn0BJiYm","previousCounter":0,"rootKey":"YPc982XNwOtAJ7XGWuC3fRWqsQna7ZAMXa1l4ctv5cs="},"indexInfo":{"baseKey":"BYGVsBXt5Eilc+YqoL6uca0lco9IeDArWRNsCc8OLR5v","baseKeyType":2,"closed":-1,"used":1732972512764,"created":1732972512764,"remoteIdentityKey":"BZzcJ5SPCZHCKuL6PzzNnIAX/OkkSkSHcdNqkrjkMmhe"},"_chains":{"BYVQU7JR5PXjPIfK8+NvaY48Q7fykmEntXV0nn0BJiYm":{"chainKey":{"counter":0,"key":"cOBbipKiytBcBsrk2NTwHxMLQZn2TwvuYpWUh9M1yjo="},"chainType":2,"messageKeys":{}},"BUubOyGVVOn6A9TdsoTBNP1ufKMf9GqPrQn3kr4Eg8NM":{"chainKey":{"counter":-1,"key":"F8jieqyXXCb82QMWqfxV14kpvAG1cKrOIPmpUlRzC/I="},"chainType":1,"messageKeys":{}}}}},"version":"v1"}