{"_sessions":{"BTgvjI1BEZtkdTT+DrOud1YTDwpHiQMY6dlvoqWAWEhW":{"registrationId":1040026910,"currentRatchet":{"ephemeralKeyPair":{"pubKey":"BScGzNx8IUf2gzCqe+0b+Zd5qk6HhydfRmjTlDbX4HNM","privKey":"wFZT9G0Hf9pQxhbYdUkmqTXrLa6omLX5zZEdJzp3Im4="},"lastRemoteEphemeralKey":"BfKZmsuaDbn859sziFjHCcd28jPp92SiBAGC7cKZBUxn","previousCounter":1,"rootKey":"UofG4XlhThfmxJx7eyBxY/Dbi2sWxpxh+89Dm/cuGG4="},"indexInfo":{"baseKey":"BTgvjI1BEZtkdTT+DrOud1YTDwpHiQMY6dlvoqWAWEhW","baseKeyType":2,"closed":-1,"used":1732972519667,"created":1732972492224,"remoteIdentityKey":"BdxefDUyDWAXHV4ENbCGUZoyEWkbbjyDiqmGlpzLT9Rd"},"_chains":{"BUZg2YpGyoOFEOQAXQfZnJOQFiXUHLm9ua8GEseelAQO":{"chainKey":{"counter":4},"chainType":2,"messageKeys":{}},"BfKZmsuaDbn859sziFjHCcd28jPp92SiBAGC7cKZBUxn":{"chainKey":{"counter":1,"key":"WrTFK5j9BA42/KEdMybcHNCUGeT3UTGaiWBnPKoLISQ="},"chainType":2,"messageKeys":{}},"BScGzNx8IUf2gzCqe+0b+Zd5qk6HhydfRmjTlDbX4HNM":{"chainKey":{"counter":-1,"key":"fNwWZNfBAx7dpSPgZIxl6JdVhLSX4VIX4TIfUTeA618="},"chainType":1,"messageKeys":{}}}}},"version":"v1"}